Changes made at Sat Aug  9 05:58:18 UTC 2025
Changes made at Thu Nov 20 13:42:44 UTC 2025
Changes made at Thu Nov 20 14:15:32 UTC 2025
Changes made at Thu Nov 20 16:20:11 UTC 2025
Changes made at Fri Nov 21 08:21:38 UTC 2025
Changes made at Fri Nov 21 10:16:18 UTC 2025
Changes made at Fri Nov 21 14:15:07 UTC 2025
Changes made at Fri Nov 21 16:19:18 UTC 2025
Changes made at Sat Nov 22 08:18:36 UTC 2025
Changes made at Sat Nov 22 10:14:36 UTC 2025
Changes made at Sat Nov 22 14:12:43 UTC 2025
Changes made at Sat Nov 22 16:17:07 UTC 2025
Changes made at Sun Nov 23 08:18:48 UTC 2025
Changes made at Sun Nov 23 10:14:44 UTC 2025
Changes made at Sun Nov 23 14:12:40 UTC 2025
Changes made at Sun Nov 23 16:17:10 UTC 2025
Changes made at Mon Nov 24 08:22:32 UTC 2025
Changes made at Mon Nov 24 10:18:02 UTC 2025
Changes made at Mon Nov 24 14:15:48 UTC 2025
Changes made at Mon Nov 24 16:17:31 UTC 2025
